index,project,start_time,stop_time
3,app,1691698114,1691698117
4,app,1691698294,1691698295
5,app,1694107450,1694107459
5,test,1694107546,1694107583
6,app,1694111647,1694111649
7,proj,1694117448,1694117449
8,test,1694117541,1694117542
9,app,1694121733,1694121750
10,app,1694122626,1694122628
11,app,1694122682,1694122683
12,proj,1694550587,1694550589
13,proj,1694550911,1694550938
16,proj,1694626410,1694626412
17,proj,1694626410,1694626429
18,proj,1694626410,1694626435
19,proj,1694626539,1694626541
20,proj,1694626539,1694626546
21,proj,1694626584,1694626584
22,proj,1694626584,1694626593
23,proj,,
24,proj,1694627068,1694627069
